n_clusters,silhouette_score,calinski_harabasz_score,davies_bouldin_score
2,0.0565337342954173,8.884384211874758,4.988411222016726
3,0.02793060877905992,11.069628974803166,4.947187765396277
4,0.015111968866551697,11.795389017141435,4.882268049531224
5,0.020608625166417777,13.148364539031034,4.72769185015647
6,0.02200687656345428,11.221065631310008,4.972376967578124
7,-0.03860970688221346,9.835188232038815,3.796678499335205
8,0.02270597191752563,8.829673007025436,3.414969914216962
9,0.02598527961556106,9.001373399065992,3.3342658003446424
10,0.027831909660187327,8.874684644831893,3.4839288936786916
